Astrocytes,Microglia,Neuron,Oligodendrocytes,Endothelia
C8orf37,DGLUCY,C11orf87,KIAA0930,GGACT
A2M,C19orf38,CCDC184,INAVA,A3GALT2
MYORG,CD300C,CEP170B,C1orf116,A4GALT
FAM216B,AAGAB,AARS2,TMEM266,C15orf48
AASS,ABCA1,ABCA5,SHISA8,UQCC3
ABAT,ABCA9,ABCC8,AARD,C16orf89
ABCB9,ABCC3,ABLIM3,ABCA2,ABCA4
ABCC12,ABCD1,ABRACL,ABCA6,ABCB1
ABCD2,ABHD12,ACBD7,ABCA8,ABCC4
ABCD3,ABHD14B,ASIC5,ABHD5,ABCC6
ABHD3,ABHD15,ACHE,ABI2,ABCC9
ABHD4,ABI3,ACR,ABTB2,ABCG2
ABR,ACADS,ACSL4,ACAP3,ABLIM1
ACAA2,ACCS,ACTA1,ASIC2,ACACB
ACAD11,ACOX3,ACTL6B,ASIC1,ACE2
ACADL,ACSL5,ADAMTS14,ASIC4,ACER2
ACADM,ACTB,ADAMTS15,ACE,ACOT9
ACADSB,ADA,ADAMTS17,ACOT7,ACSS3
ACADVL,ADAM15,ADAR,ACSL3,ACTA2
ACOT11,ADAM33,ADARB1,ACY3,ACTN1
ACOT2,ADAM8,ADARB2,ADAM11,ACTN4
ACOX1,ADAMTS16,GADL1,ADAM12,ACTR3
ACSBG1,ADAP2,ADCY1,ADAM19,ACVRL1
ACSF2,ADCY7,ADCY8,ADAM22,ADAM10
ACSL6,ADORA3,ADCYAP1,ADAM9,ADAMTS8
ACSS1,ADRB2,ADNP,ADAMTS2,ADAMTS9
ACSS2,GRK2,ADPRHL1,ADAMTS4,ADAMTSL2
ACTR3B,AFP,ADRA2C,ADAMTSL3,ADCY4
ACVR1C,AGA,TLE5,ADAMTSL4,ADH1C
ACYP2,AGPAT2,AFAP1,ADAP1,ADIPOR1
ADAMTS19,AIF1,AFF3,ADCY3,ADM
ADAMTS3,AIM2,AGBL4,ADI1,ADORA2A
ADAMTS5,AKAP10,AGTPBP1,ADO,AFAP1L1
ADAMTS6,AKNA,AGTR2,ADORA1,AGFG1
ADCY2,AKR1B1,AHDC1,ADRA1D,AHNAK
ADCYAP1R1,ALB,AHI1,ADSS1,AHR
ADD3,ALDH16A1,AJAP1,AEBP1,AURKB
ADHFE1,ALDH3B1,AKAP8L,AFAP1L2,AKAP12
ADK,ALKBH3,AKR1B10,AGAP1,PALM2AKAP2
ADORA2B,ALOX15,ALKBH8,AGAP2,ALKBH2
ADRA2A,ALOX5,ALLC,AGO3,ALOX12
GRK3,ALOX5AP,ALOXE3,AGPAT4,AMDHD1
AFF1,AMDHD2,AMIGO1,GPAT3,AMMECR1
AGBL2,ANG,AMMECR1L,ETNPPL,ANGPT2
AGFG2,ANGPTL7,AMY2A,ALAS2,ANGPTL4
AGL,ANKRD44,ANGPT1,ALDH18A1,ANKRD37
AGPAT3,ANKS6,ANKHD1,ALDH1A2,ANO1
AGPAT5,ANXA4,ANKRD24,ALDH1L2,ANO6
AGRN,AOAH,ANKRD34A,ALX4,ANPEP
AGT,AP1B1,ANKRD34B,AMD1,ANTXR2
AHCYL1,AP1G2,ANKRD35,AMPD3,ANXA1
AHCYL2,AP3B1,ANKRD42,ANK1,ANXA11
AIFM3,AP5B1,ANKRD45,ANKRD28,ANXA2
AK4,AP5Z1,ANKRD55,SOWAHA,ANXA3
AK7,APAF1,ANO5,ANKS1B,ANXA5
AKT2,APBB1IP,AP1AR,ANLN,ANXA6
ALDH1A1,APOBEC1,AP3B2,ANO2,ANXA7
ALDH1L1,APOBEC2,APBA1,ANO3,AOC3
ALDH4A1,APOBEC3B,APC2,APBB1,APBB2
ALDH5A1,APOBR,ARFRP1,APH1B,APCDD1
ALDH6A1,APOC2,ARG2,APLP1,APLN
ALDH7A1,ARAP1,ARHGAP15,APOD,APLNR
ALDOC,ARAP3,ARHGAP36,AQP3,APOA1
ALMS1,ARFGEF2,ARHGAP44,ARFGEF3,APOL2
ALPK1,ARG1,ARHGDIG,ARHGAP31,APOLD1
ALPK3,ARGLU1,ARID1B,ARHGEF10,APOOL
ALPL,ARHGAP17,ARID2,ARHGEF10L,AQP11
ALS2CL,ARHGAP19,ARID4B,ARHGEF37,ARHGAP18
AMER2,ARHGAP22,ARL13B,ARL2,ARHGAP28
AMIGO3,ARHGAP25,ARMC2,ARL2BP,ARHGAP29
AMOT,ARHGAP27,ARMCX1,ARSG,ARHGEF15
AMPD2,ARHGAP30,ARMCX4,ARSJ,ARHGEF5
AMT,ARHGAP39,ARMCX5,ASB13,ARID5A
ANKRD16,ARHGAP4,ARX,ASB18,ARL4A
ANKRD40,ARHGAP9,ASB3,ASCL1,ARMC10
ANKRD9,ARHGDIA,ASGR1,ASNS,ARPC3
ZFAND4,ARHGDIB,ASS1,ASPA,ART3
ANXA9,ARHGEF6,ATAD5,ASPDH,ASB4
AOX1,ARID3A,ATF2,ATG101,ASCC3
AP4E1,ARID3B,ATG9B,ATP10B,ASPN
APOE,ARL11,ATL1,ATP2B3,ATOX1
APPL2,ARL4C,ATN1,ATP6V0A2,ATP10A
AQP4,ARL5C,ATP1A3,ATP7B,ATP11C
AQP9,ARMC3,ATP2B1,ATRN,ATP13A5
ARAP2,ARMC5,ATP2B2,B3GALT5,ATP7A
ARHGAP21,ARMC7,ATP6V0A1,B3GAT2,AVPI1
ARHGAP32,ARPC1B,ATP6V1G2,B3GNT6,B3GNT2
ARHGAP42,ARPC4,AURKB,B3GNT7,HELZ2
ARHGAP5,ARPC5,AUTS2,NMRK1,GINM1
ARHGEF12,ACTRT3,AVP,HROB,CCM2L
ARHGEF18,ARRB1,B3GALT1,BACE1,C1orf54
ARHGEF26,ARRB2,B3GALT2,BBS7,BAG2
ARHGEF33,ARSB,B3GNT4,BCAR1,BAMBI
ARID4A,AS3MT,B4GALNT4,BCAS1,BCAM
ARL9,ASB10,B4GALT6,BFSP2,BCHE
ARNT2,ASB2,PRR36,BGLAP,BCL10
ARNTL,ASCC1,SELENOV,BHLHB9,BCL6B
ARNTL2,ASCL2,BAG4,BMP4,BEND5
ARRDC3,ASGR2,BAIAP2L2,BPGM,BEST1
ASPG,ASL,BAIAP3,BRCA1,BGN
ASTE1,ASPH,BARHL2,BVES,BMPR2
ASXL2,ATF3,BASP1,C1QL1,BMX
ATAD2B,ATP13A2,BAZ1B,C1QL2,BNIP2
ATF7,ATP2A3,BAZ2B,C1QL3,BNIP3L
PGGHG,ATP5F1C,BCL11A,C1QTNF2,BOK
ATL2,ATP6V1F,BCL11B,CA10,BPIFB1
ATP13A4,AUP1,BCL7A,CACNA2D4,BSG
ATP1A2,B2M,BCL9,CACNG4,BSPRY
ATP1B2,B3GALT4,BEGAIN,CADM4,BTBD7
ATP2B4,B3GNT8,BEND6,CALCRL,BTF3
ATR,B4GALNT1,BEX1,CAMSAP2,C1QTNF9B
ATXN7,B4GALT1,BHLHE22,CAPN5,C8G
AXIN2,B4GALT5,BLCAP,CAPN6,CALML4
AXL,CYBC1,BMP5,CA14,CALR3
B4GAT1,TRAPPC14,BOD1,CA2,CALU
C3orf52,LRRC75A,BPIFA1,CARNS1,CAPG
BAALC,ADGRB1,BRD1,CASKIN2,CAPN12
BAG3,BANK1,BRD2,CASR,CA4
ADGRB3,BATF,BRD3,CCDC13,CA5A
BBOX1,BATF3,BRD7,CCDC167,CARD10
BCAN,BAZ1A,BRD8,CCL11,CASP6
BCAR3,BCAT2,BRSK1,CCNA2,CASP7
BCKDHA,BCL2A1,BRSK2,CCNB1,CASP8
BCL2,BCL2L1,BSN,CCND1,CASQ2
BCL2L12,BCL3,BTBD11,CD70,CAST
BCL2L15,BCO2,C1QTNF1,CD9,CAV1
BDH2,BCOR,C1QTNF4,CDC25C,CAV2
BDKRB2,BID,C2CD2L,CDC37L1,ACKR4
BDNF,BIK,CIP2A,CDC42EP2,CCDC125
BHLHE40,BIN1,FAM8A1,CDC7,CCDC126
BMPR1A,BIN2,CAAP1,CDCA3,CCDC141
BMPR1B,BLNK,CABP7,CDCA8,EFCC1
BMS1,BLOC1S5,CABYR,CDH11,BICDL2
BOC,BLVRA,CACNA1A,CDH6,CCDC85A
BOLA3,BLVRB,CACNA1B,CDK14,CCL19
BTAF1,BMF,CACNA1I,CDK18,CCL20
BTBD17,BMP2K,CACNA2D1,CDO1,CCNG2
BTD,BRI3,CACNA2D2,CDR2L,CCR10
C2CD4B,BTG1,CACNA2D3,CDV3,NOCT
C4A,BTG2,CACNB2,CENPB,CD109
CA2,BTK,CACNB3,CENPK,CD151
CA3,C1QA,CACNB4,CENPM,CD248
CA5B,C1QB,CACNG2,CENPN,CD27
CAMK2G,C1QC,CACNG3,CENPV,CD2AP
CAP2,C1RL,CACNG5,CERS2,CD300LG
CAPN11,C2,CADM3,CETN2,CD320
CAPNS1,C3,CADPS,CHADL,CD34
CAPS2,C3AR1,CADPS2,CHAF1A,CD40
CAPSL,C5AR1,CALB1,CHD1,CD55
CAPZB,CABLES1,CALB2,CHDH,CD69
CA8,CACNA1S,CALCB,CHN2,CD93
CASKIN1,CACUL1,CALN1,CHPT1,ADGRE5
CASP8AP2,CALHM2,CALY,CHRM1,CDC42EP3
CAT,CAMK1,CAMK2A,CHRNA4,CDC42EP5
CATSPER2,CAMP,CAMK2B,CHRNE,CDH5
CBLB,CAP1,CAMK2N2,CHST11,CDHR4
CBR3,CAPN1,CAMK4,CHST3,CDK1
CBS,CAPN3,CAMKV,CHST6,CDKN2A
CBX5,CAPZA1,CAMSAP1,CHST8,CDKN2B
KYAT3,CA13,CAMTA1,CHTF18,CDKN3
CFAP65,CARD11,CA10,CKAP2,CEACAM1
CCDC113,CARD9,CASD1,CKAP2L,CEBPD
CCDC121,CASP1,CASP2,CLDN11,CFI
CCDC138,CASP4,CASP3,CLDN14,CGNL1
CCDC157,CASS4,CASZ1,CLEC3B,CHEK2
CCDC18,CCDC186,CBLN1,CLGN,CHIC2
CCDC3,CCDC22,CBLN2,CMIP,CHMP2B
CFAP100,CCDC86,CBLN4,CMTM4,CHRNB1
CCDC60,CCDC88B,CBX2,CMTM5,CHST9
DEUP1,CCDC93,CBX4,CNKSR3,CISH
CCDC80,CCDC97,CBX6,CNP,CKS1B
CENATAC,CCL2,CBX7,CNTN1,CKS2
CCDC88C,CCL17,CC2D1A,CNTN2,CLCA2
CCDC90B,CCL13,CCBE1,CNTN4,CLDN5
CCDC96,CCL22,MCUB,CNTN6,CLDN6
CCNA1,CCL24,CCDC116,COBL,CLEC14A
CCND2,CCL3L3,CCDC120,COL11A2,CLEC1A
CCNO,CCL4,CCDC148,COL12A1,CLEC1B
ACKR4,CCL5,CCDC152,COL13A1,CLEC9A
CD247,CCR1,CCDC177,COL1A1,CLIC5
CD38,CCR2,CEP112,COL1A2,CLIC6
CD44,CCR3,CCDC6,COL20A1,CLINT1
CDC42EP1,CCR5,BICDL1,COL2A1,CMTM8
CDC42EP4,CCR6,CCDC71L,COL3A1,CNN2
CDH2,CCR7,CCDC73,COL9A3,CNOT6L
CDK11A,CCRL2,CCDC85C,COLEC11,COBLL1
CDK5RAP2,CD101,CCK,CORIN,COL14A1
CECR2,CD14,CCL27,CP,COL18A1
HDHD5,CD163,CCNF,CPOX,COL28A1
CELSR1,CD164,CCNT1,CPZ,COL4A1
CCP110,CD180,CCSAP,CRCP,COL4A2
CEP350,CD19,CD164L2,CREG2,COL4A3
CHD2,CD2,CD200,CRYAB,COX4I2
CHD6,CD200R1,CD274,CSMD3,COX7B
CHD9,CLEC4M,CD2BP2,CSPG4,CPA1
CHRDL1,CD22,CDC40,CSPG5,CR1L
CHST1,CD300A,CDH12,CSRP1,CREM
CHST2,CD300LB,CDH18,CTNNA3,CRISPLD1
CHSY1,CD300LD,CDH4,CTNNAL1,CRK
CIDEB,CD300LF,CDH7,CYFIP2,CRTAP
CKAP5,CD37,CDH8,CYP2J2,CRYBB3
CLCC1,CD3D,CDH9,CYS1,CRYBG3
CLDN10,CD3E,CDHR1,C10orf90,YBX3
CLDN20,CD4,CDK13,DAPK2,CSF3
CLEC16A,CD48,CDK2AP1,BRINP1,CSRP2
CLK2,CD5,CDK5R1,DBNDD2,CTHRC1
CLU,CD53,CDK5R2,DCAF12L2,CTNNA1
CLYBL,CD6,CDKL1,DCN,CTNNB1
CMBL,CD63,CDKL2,DCT,CTSW
NAT8B,CD68,CDKL4,DDC,CTTNBP2NL
CNN1,CD7,CDKN1B,DDX25,CUTC
CNN3,CD72,CDON,DDX43,CXCL2
CNTD1,CD74,CEACAM16,DDX59,CXCR4
CNTFR,CD79A,CELF3,DENND2A,CYP39A1
COL4A5,CD79B,CELF4,DERL3,CYP8B1
COPRS,CD80,CELF5,GSDME,CYSLTR2
CORO2B,CD83,CELSR2,DGAT1,CYTL1
COX10,CD84,CELSR3,DHCR24,CYYR1
COX6B1,CD86,CEND1,DHRS13,LURAP1L
CPE,CD8B,CENPC,DICER1,DAB2
CPM,CD99L2,CEP104,DLG1,DAPL1
CPT1A,CDCA4,CEP120,DLGAP5,DBH
CPT2,CDH23,CEP170,DLK2,DCBLD1
CRB2,CDK6,CGGBP1,DLL1,DDI2
CREB3L4,CDS1,CGN,DLL3,DDX10
CROT,CDT1,CGREF1,DMRTA1,DDX58
CRTC3,CEACAM1,CHAC1,DNAH10,DEF6
CRYM,CEBPA,CHAF1B,DNAH5,DEGS2
CSDC2,CEBPB,CHAMP1,DNAH7,DENND2C
CSGALNACT1,CEP250,CHAT,DNAI2,DENND3
CSPP1,CERK,CHCHD10,DNAJA4,DENND5B
CTBP2,CFH,CHD3,DNAJB2,DERA
CTDSPL,CFP,CHD5,DNM3,DES
CTH,CH25H,CHD7,DOCK3,DGKA
CTNNBIP1,CHMP1B,CHD8,DOCK5,DGKH
CTNND2,CHST12,CHGB,DOCK6,DHX40
CUL7,CHST7,CHN1,DOCK9,DLC1
CWC22,CIB1,CHODL,DOHH,DLL4
CWF19L2,CILP2,CHRM3,DPH5,DMGDH
CYBRD1,CKM,CHRM4,DPP10,DNAH6
CYP1B1,CLCF1,CHRM5,DPP6,DNAJC10
CYP4F12,CLCN5,CHRNA3,DPYD,DNAJC2
CYP4F8,CLEC10A,CHRNA7,DSCC1,DNASE1L1
CYP7B1,CLEC12A,CHRNB2,DTD1,DNMT3B
CCN1,ZNF705A,CHRNB4,DUSP15,DOK4
ZNF267,CLEC4A,CHSY3,DUSP9,DPP4
DAAM2,CLEC4D,CIB2,DYNC2LI1,DRAM2
DAG1,CLEC4E,CIDEA,DYNLL2,DTX3L
DAGLA,CLEC6A,CILP,E2F8,DUSP22
DBI,CLEC5A,CIRBP,ECT2,DUSP23
DBX2,CLEC7A,CIT,EDA2R,DUSP6
DCLK1,CLIC1,CITED2,EFCAB1,DYSF
DCLK2,CLN3,CKMT1B,EFEMP1,E2F7
DCTN1,CLN5,CLCN1,EFHD1,EBF1
DDB2,CLN8,TMEM114,EFNB3,ECE1
DDHD1,CLTA,CLDN3,EFR3B,ECM1
DDIT4L,CMKLR1,CLK4,EFS,ECM2
DDO,CMTM3,CLRN1,EHD3,ECSCR
DDR2,CMTM6,CLSTN1,EIF1B,EDN3
DDT,CMTM7,CLSTN2,ELFN2,EEF1A1
DECR1,CNDP2,CLSTN3,ELOVL4,EFNA1
DENND4C,CNPY3,CLVS1,ELOVL6,EGFL7
DGKB,COL27A1,CLVS2,EMB,EGFL8
DHCR7,CERT1,CMSS1,EME1,EGFLAM
DHRS1,COL6A3,CNFN,EMID1,EHD2
DHRS4,COLGALT1,CNGA3,COL26A1,EIF3E
DHTKD1,COMMD5,CNIH2,EMILIN3,EIF3H
DHX32,COMP,CNIH3,EML1,EIF3M
DIO2,COMT,CNKSR2,ENDOD1,ELF1
DLG5,COMTD1,CNNM1,ENPP2,ELK3
DLGAP1,CORO1A,CNR1,ENPP6,ELK4
DLK1,CORO2A,CNRIP1,EPB41L2,ADGRL4
DMD,COTL1,CNST,EPB41L1,EMCN
DMP1,COX6A2,CNTN3,EPB41,EMP1
DNAI1,CPN1,CNTN5,EPB41L3,ENDOU
DNAJC25,CPQ,CNTNAP1,EPCAM,ENG
DNALI1,CRADD,CNTNAP2,EPN2,ENOX2
DOCK1,CREG1,CNTNAP3,SELENOI,ENPEP
DPF3,CRIP1,CNTNAP4,ERMN,ENPP3
DPY19L3,CRY1,CNTNAP5,ETNK2,EPAS1
DRP2,CRYBA4,COCH,ETV1,EPHB4
DTNA,CRYBB1,COL19A1,EXO1,EPOR
DYNC2H1,CRYL1,COL23A1,EXOG,EPS8L2
DYNLRB2,CSF1,COL24A1,EXTL1,ERG
DZIP1L,CSF1R,COL25A1,EXTL2,ERICH1
ECH1,CSF2,COL6A2,FA2H,ESAM
ECHDC1,CSF2RB,CORT,FAH,ESM1
ECHDC2,CSF3R,COX7A1,FAM114A1,ESYT1
ECHDC3,CSK,CPEB1,FAM122A,ESYT2
ECI2,CST3,CPEB3,FAM149A,KIAA1217
EDIL3,CST7,CPLX1,FAM163A,ETS1
EDNRB,CSTB,CPLX2,FAM169A,ETS2
EEA1,CTBS,CPNE4,FAM178B,EXOC3L1
EEPD1,CTDNEP1,CPNE5,FAM180A,EXOC5
EFNA4,CTLA4,CPNE6,INSYN2B,EXOC6
EGF,CTNS,CPNE7,TAFA4,F2R
EGFL6,CTSA,CPNE9,CALHM5,F2RL1
EGFR,CTSB,CRABP1,FAM3C,F2RL3
EHBP1,CTSC,CRABP2,TLCD3A,F5
EHHADH,CTSD,CRH,CCNQ,UBALD2
EIF4G3,CTSE,CRHBP,BRINP3,RFLNA
ELMO2,CTSF,CRHR2,MINDY1,RFLNB
ELMO3,CTSH,CRMP1,TMEM255A,FAM111A
ELOVL2,CTSV,CSNK1E,TMEM255B,TCAF2
ELOVL5,CTSS,CSRNP2,MIGA1,FAM124B
EMP2,CTSZ,CSTF2T,FAM89A,NIBAN1
ENKUR,CX3CR1,CTCF,FANCA,FAM162B
ENTPD2,CXCL10,CTIF,FANCD2,EVA1B
EPB41L5,CXCL16,CTXN2,FAR1,GASK1B
EPHB3,CXCL3,CX3CL1,FBLN7,PIEZO2
EPHX2,CXCR3,CXCL12,FBN1,FAM43A
ERBB2,CXCR5,CXXC4,FBXO17,NXPE2
ERBIN,CYB5R1,CYB561,FBXO36,RIPOR1
ETAA1,CYBA,CYGB,FBXO7,FAM71A
ETFA,CYB561A3,CYP2S1,FCHSD2,FAM71F2
ETFDH,CYBB,CYP46A1,FEM1B,EEF2KMT
EVC,CYFIP1,CYP4B1,FEZ1,FAP
EVC2,CYP4F2,CYP4X1,FGF22,FAR2
EVI5,CYP4V2,NREP,FHL2,FBLN5
EXD1,CYSLTR1,ARFGEF3,FIGNL1,FBXL12
EZR,CYTH4,PLPPR4,FKBP1A,FBXL8
F3,CYTIP,DAB2IP,FMNL2,FCHO2
FABP5,PHF11,DACH1,FNTA,FEM1C
FABP7,LDLRAD4,DACT1,FNTB,FERMT2
FADS2,M1AP,DAPK1,FOXM1,FGD5
FAM117A,C19orf53,ACKR1,FRMD4A,FGFBP1
FAM120C,PRAG1,DAXX,FRMD5,FGFR4
FAM135A,DAGLB,DBN1,FRMD7,FILIP1
FAM13C,DCXR,DBNDD1,FRYL,FILIP1L
FAM168A,INTS6L,DCAF7,FSD1,FKBP10
FAM171B,DDX31,DCK,FYN,FKBP7
FAM181A,DENND1C,DCLK3,G0S2,FKBPL
FAM181B,DENND4B,DCP1A,GAB1,FLI1
FAM184A,DEPDC7,DCX,GABRA3,FLNA
MCRIP2,DGKD,DEPTOR,GALE,FLNB
GASK1A,DGKZ,DGKE,GALNT10,FLRT2
FAM20A,DHDH,DGKG,GALNT13,FLT1
PRXL2A,DHRS3,DGKK,GALNT3,FLT4
NXPE4,DHX34,DHX57,GALNT6,FN1
GAREM1,DHX58,DIABLO,GALNT16,FOXC1
GAREM2,DMXL1,DIRAS1,GAMT,FOXF1
FAM76B,DNAJB13,DIRAS2,GAS2,FOXF2
FAM83B,DNAJC1,DISP2,GBP6,FOXL2
FARS2,DNAJC13,DKKL1,GFOD1,FOXQ1
FAT1,DNASE1L3,DLG2,GFOD2,FREM1
FBP2,DNASE2,DLG3,GFRA1,FRK
FBXL21P,DNM2,DLGAP2,GFRA2,FRMD4B
FBXO2,DNTTIP1,DLX1,GGCT,FUT4
FDFT1,DOCK2,DLX2,GJB1,TIMM10B
FGA,DOCK8,DLX5,GJC3,FXYD5
FGD4,DOK1,DLX6,GLRA4,FZD4
FGD6,DOK2,DMRT3,GLRB,FZD6
FGF1,DOK3,DMRTA2,GLTP,G6PC
FGF2,DPP7,DMXL2,NOP53,GABPB1
FGFBP3,DQX1,DNAH1,GMDS,GADD45A
FGFR1,DTNBP1,DNAJB6,GNA12,GALNT15
CEP43,DTX4,DNAJC27,GNAT1,GALNT18
FGFR2,DUOXA1,DNAJC6,GNB4,GATA2
FGFR3,DUSP29,DNAJC9,GNE,GATA3
FHL1,DUSP1,DNER,GNG12,GBE1
FICD,DUSP13,DNM1,GNG13,GBP2
VEGFD,DUSP2,DNMT3A,GNG8,GBP5
FJX1,STYXL2,DOC2A,GNPTAB,GBP6
FKBP9,DUSP5,DOC2B,GNPTG,GCHFR
FLNC,DVL2,DPYSL3,GP1BB,GCNT2
FLOT2,DYRK2,DPYSL5,GPATCH11,MYZAP
FMN2,DYRK4,DRD1,GPR158,GDPD3
FMO1,E2F2,DRD2,GPR17,GIMAP1
FMO4,RNASE2,DRD5,GPR37,GIMAP4
FNDC5,EBI3,DSG1,GPR62,GIMAP1-GIMAP5
FOS,EDEM1,DSP,GPR75,GIMAP6
FOSB,EDEM2,DUSP14,GPRC5B,GIMAP8
FOXR2,EEF2K,DUSP4,GPT2,GIPC3
FOXRED1,EFHD2,DUSP8,GRB14,GJA4
FRAS1,EFR3A,DUT,GRHPR,GJA5
FREM2,EGR1,DYNC1I1,GRIA3,GJC1
FRMPD1,EGR2,DZANK1,GRIK3,GLIPR2
CMTR2,EGR3,EBF2,GRIK4,GLYATL3
FUT9,EHD1,EBF3,GRIN3A,GMNN
FXYD1,EHD4,ECEL1,GRXCR2,GNG11
FZD10,EID3,EEF1A2,PPP1R17,GNG5
FZD2,EIF4EBP1,EFCAB6,GSN,GOLIM4
GABBR1,ELF4,EFHC2,GSS,GPCPD1
GABBR2,ELMO1,EFNA3,GSTP1,ADGRF5
GABPB2,EML3,EFNA5,GSX1,ADGRA2
GABRA4,EMP3,EHMT1,GSX2,ADGRG6
GABRB1,ADGRE1,EHMT2,GTF2H4,GPR143
GABRG1,ENGASE,EIF2AK3,GUCY2F,SLC52A2
GADD45G,ENO3,EIF4ENIF1,HAPLN2,GPER1
GALNT4,ENPP4,ELAVL2,HCN2,GPR4
GAS1,ENTPD1,ELAVL4,HEATR3,ADGRG3
GCDH,EPDR1,ELF2,HHATL,GPRC5A
GCNT4,EPN1,ELMOD1,HIF1AN,TAMALIN
GCSH,EPSTI1,EMC9,HIP1,GRB10
GDPD2,EPX,EML5,HIP1R,GRB7
GFAP,ERAP1,EMSY,H2AC16,C12orf57
GJA1,ERMAP,EMX2,H2BC10,GRK5
GJB6,ERP29,ENO2,H2BC6,GRP
GLB1L,ESR1,ENOX1,H2BC17,FAM110D
GLDC,ETV3,ENTPD3,H4C6,GSTM1
GLI1,EVI2B,EOMES,H4C9,GSTT2
GLI2,EVL,EP400,H4-16,GTF2E2
GLI3,F11R,DMTN,H2AC18,GYPC
GLIS3,F13A1,EPB41L4B,H2AC20,HLA-A
GLUD1,F9,EPC2,HOXD1,HAUS1
GNAO1,FADD,EPHA10,HPCAL4,HBP1
GOLGB1,FCMR,EPHA3,HR,HDAC7
GPAM,OTULINL,EPHA6,PLAAT1,HEG1
GPATCH2,OTULIN,EPHA7,HS3ST1,HEPH
GPC4,FAM110A,EPHA8,HTR5A,HHEX
GPC6,FAM167B,EPHB2,HYPK,HIC1
GPD2,EVA1A,EPHB6,IBSP,HIGD1B
GPM6A,CALHM6,EPM2AIP1,CILK1,H2AC4
GPM6B,FAM3A,ERC2,IFFO1,H3C13
GPR156,TENT5B,ERI1,IFIT2,HMCN1
GPR179,TENT5C,ERO1B,IGF2,HMG20B
GPR19,CYRIB,ESRRG,IGSF8,HMGCS2
GPR3,FAM78A,EXOSC4,IGSF9B,HOPX
GPR37L1,FAM83G,EYA2,IL17D,HPRT1
PTGDR2,FBLIM1,EZH2,IL17RB,HSD3B7
ADGRG1,FBRS,FABP3,IL1RAP,HSF4
GPR63,FBXW4,RAMAC,IMP4,HSPA12B
GPRC5D,FCER1G,TCAF1,INF2,HSPB1
GPT,FCGR1A,FAM117B,INHBC,HSPB2
GPX8,FCGR2B,FAM120B,INPP5B,HSPB8
GRAMD4,FCGR2A,AMER3,INPPL1,HSPG2
GREB1,FCGR3A,FAM131A,INSC,HTR2A
GRHL1,FCGRT,FAM131C,IQCJ,HTRA3
GRIN2C,FCRL1,C1QTNF12,IRX1,HYAL2
GRM3,FERMT3,ALKAL2,ISG20,ICAM2
GRM5,FES,SHISAL2B,ITGA8,IER5L
GSG1L,FEZ2,FAM163B,ITGAD,IFI44
GSTK1,FGD2,FAM171A2,ITGAV,IFIH1
GSTM5,FGR,FAM185A,ITGB4,IFITM2
GSTM3,FHL3,FAM189B,ITGB7,IFITM3
GSTZ1,FIGNL2,INSYN2A,ITGB8,LMNTD1
GUCY1A1,FKBP5,FAM43B,ITIH2,IFNAR1
GULP1,FLCN,TLCD3B,ITIH5,IGBP1
LARGE2,FMNL3,RIPOR2,ITPR2,IGF1R
GYS1,FNDC7,FAM71E1,JAM3,IGFBP1
HACL1,FNIP2,FAM78B,JMY,IGFBP7
HADH,FOLR2,FAM89B,JOSD2,IGSF5
HADHA,FOXP4,FANK1,KANK1,IL13RA1
HAPLN1,FPR1,FASTKD5,KATNAL1,IL15
HECTD2,FPR2,FAT2,KAZN,IL17RC
HEPACAM,FRRS1,FAT3,KBTBD7,IL17RE
HERC6,FSCN1,FBXL16,KCND2,IL1R1
HES5,FTL,FBXL19,KCNH8,IL20RB
HEY2,FUCA1,FBXL2,KCNIP3,IL27RA
HGF,FURIN,FBXO30,KCNJ16,IL2RG
HHIPL1,FYB1,FBXO41,KCNK1,IL3RA
HIF3A,G3BP1,FCHSD1,KCNK10,IL6
HIGD1A,GAB2,FGF13,KCNMB4,IMPDH1
H3C4,GABRD,FGF9,KCTD13,INSL3
H3C11,GADD45B,FIBCD1,KCTD15,INSR
HMGCR,GAL3ST4,FIBIN,KCTD4,IPMK
HMGN1,GALK2,FKBP11,KHDRBS2,IQCG
HOGA1,GALM,FKBP1B,KIAA1549,IQGAP1
RIDA,GALNS,FKBP3,KIF13A,IRF7
HS3ST3A1,GALNT12,FLRT3,KIF13B,IRF9
HS3ST3B1,GALT,FLYWCH1,KIF18B,IRX3
HSD11B1,GANC,FLYWCH2,KIF19,ISM1
HSPA2,GAS6,FMN1,KIF2C,ISYNA1
HTRA1,GATM,FNBP4,KIF5A,ITGA1
ID3,GBA,FNDC3B,KIFC1,ITGA2B
ID4,GBGT1,FOXG1,KL,ITGA4
IDI1,GBP7,FOXJ3,KLC3,ITGB1
IFT122,GCN1,FOXK2,KLHDC4,ITGB3BP
IFT140,GCNT1,FOXO3,KLHL13,ITM2A
IGDCC4,GDF15,FOXO6,KLK6,ITPR1
IGF2BP3,GDPGP1,FRAT1,KNDC1,ITPRIP
IGFBP2,GGA2,FRMPD3,KNTC1,ITSN2
IGFBP5,GGH,FRMPD4,KRT1,JAG1
IGSF1,GGT5,FSIP1,KRT17,JAG2
IKBIP,GIMAP1-GIMAP5,FSTL4,AFG1L,JAK2
IL15RA,GIT2,FUT7,LAD1,AJUBA
IL17RD,GLA,FXYD7,LARP6,KANK3
IL18,GLIPR1,GABRA1,LBH,KANK4
IL33,GLS,GABRA5,DENND11,KCNA5
IL6ST,GLUL,GABRB2,LCORL,KCNE3
IMMT,CSTA,GABRG2,LDB3,KCNG2
IMPA2,GMFG,GABRG3,LDLR,KCNJ14
IMPG2,GMIP,GAD1,P3H4,KCNJ15
INCA1,GMPR,GAD2,LGI3,KCNJ2
INO80D,GNA15,GALNT9,LGR5,KCNJ8
INSIG1,GNGT2,GALNTL6,LHFPL3,KCNK5
INTU,GNPDA1,GALR1,LIG1,KCNMB1
IQCD,GNS,GALR2,LIMS2,KCNQ1
IQCK,GOLM1,GAP43,LINGO3,KCNRG
IQUB,LILRB4,GARNL3,LIX1L,KCP
IRS2,GP9,CASTOR2,LLPH,KCTD10
ITGA2,GPAT2,GBX2,LMCD1,KDR
ITGA6,GPATCH3,GCA,LMNB1,KIF26A
ITGA7,GPNMB,GCGR,LMO1,KITLG
ITIH3,ADGRG5,GDA,LNX1,KLF11
ITM2C,GPR132,GDAP1,LOX,KLHL4
ITPKB,GPR137B,GDAP1L1,LPAR3,KLRG1
ITSN1,GPR157,GDF5,ADGRL3,KTI12
IVD,GPR18,GDI1,LPO,LALBA
IYD,GPR183,GDNF,LRFN2,LAMA1
JAK1,GPR34,GDPD1,LRRC17,LAMA4
JAM2,GPR35,GEMIN7,LRRC42,LAMA5
JUN,GPR65,GFRA4,LRRC4C,LAMB1
KALRN,C5AR2,GHSR,LRRC8B,LAMB2
KANK2,GPR84,GIPC2,LRRN1,LAMC1
KBTBD11,GPSM3,GIPR,LRRN3,LBP
KCNC4,GPX1,GJD2,LRRTM1,LDHA
KCNE5,GRAMD1A,GLB1L2,LRRTM3,LDLRAD3
KCNJ10,GRB2,GLCE,LRRTM4,LEF1
KCNN3,GRN,GLE1,LSAMP,LEPR
C5orf15,GSDMD,GLIS1,LTK,LIMS1
KCTD14,GSG1,GLOD5,LUM,LIPC
KCTD5,GUCA1A,GLRA2,LYPD1,LIPT2
KDM5D,GUSB,GLRA3,LYPD3,LMBR1
KIDINS220,HLA-DQA1,GNAQ,LYPD6,LMO2
KIF18A,HLA-A,GNAZ,MACROD2,LNX2
KIF1B,HLA-DMB,GNG2,MAFA,LOXL2
KIF1C,HLA-DRA,GNG3,MAG,LOXL4
KIF24,HLA-DRB5,GNL3L,MAGEH1,LPAR6
KIRREL2,HLA-DOA,GNRH1,MAGI2,ADGRL2
KLF15,HLA-DOB,GOLGA7B,MAL,LRP8
KLF4,HLA-E,GPC1,MAP1A,LRRC18
KLHL25,H6PD,GPR101,MAP1LC3B,LRRC32
KRTAP7-1,HAAO,GPR12,MAPK8IP1,LRRC55
L2HGDH,HAVCR2,ADGRA1,MAPKAP1,LRRC8C
L3HYPDH,HCK,GPR135,MARVELD3,NAA38
L3MBTL3,HCLS1,GPR139,MATN1,LSR
LAMA2,HCST,GPR149,MATN2,LTA4H
LATS1,HDC,GPR151,MATN4,LTBP4
LCA5,HEATR5A,GPR173,MB21D2,LUZP1
LCAT,MROH1,GPR21,MBNL2,LY6G5C
LCLAT1,HEBP1,GPR22,MBP,LY75
LDOC1,HERPUD1,GPR26,MC4R,LYPLA1
LENEP,HEXA,GPR27,MC5R,LYSMD3
LENG8,HEXB,GPR52,MCF2,LZTS1
LENG9,HFE,GPR6,MCM10,MAGIX
P3H1,HGSNAT,GPR61,MCM5,MALL
LGALS12,HK2,ADGRG2,MCM6,MALT1
LGALS4,HK3,GPR83,MDK,MAMSTR
LGALSL,HLTF,GPR88,MDM1,MAN2A1
LGI4,HMGA1,GPRASP1,ME3,MANSC1
LGR4,ARHGAP45,GPRIN1,MEGF11,MAOA
LGR6,HMOX1,GPRIN3,MFAP4,MAP4K2
LHCGR,HP,GPSM1,MICAL3,MAPK12
LHFPL6,HPGD,GRAMD1B,MICALL1,MARVELD1
LIFR,HPGDS,GREB1L,MIF4GD,MARVELD2
LIMCH1,HPN,GREM2,MINK1,MBD2
LIMD1,HPRT1,GRIA1,MKX,MECOM
LINGO1,HPS4,GRID2IP,MMP15,MEF2A
LIPG,HPS6,GRIN1,MMP16,MEGF6
LIPT1,HPSE,GRIN2A,MMP17,MEOX1
LIX1,HRH2,GRIN2B,MMP23B,TLNRD1
LONRF3,HS1BP3,GRIN2D,MOBP,MFSD2A
LOXL1,HS6ST1,GRIP2,MOG,MFSD6L
LPIN3,HSD17B1,GRM1,ATP5MPL,FLVCR2
LPP,HSF2BP,GRM2,MPZ,MGP
LRCH3,HSPA1A,GRM7,MRGPRF,MGST2
LRIG1,HSPA1L,GRM8,MRPS18B,MICB
LRP4,HSPB3,GRPR,MSC,MIPOL1
CARMIL1,HTATIP2,GSC,MTAP,MRTFB
LRRC23,HTRA2,GSE1,MAP4,MLKL
LRRC38,HVCN1,GTF2E1,MTMR7,AFDN
LRRC52,ICAM1,GUCY1A2,MYBL1,MMP25
LRRC8A,ICOS,GXYLT2,MYBPC1,MMP28
LRRK2,ICOSLG,H1-10,MYCL,MMRN1
LRTM2,ID2,HAS3,MYLK3,MMRN2
LTBP1,IDH2,HAUS3,MYO1D,MOGAT2
LXN,IDUA,HCN1,MYRF,MOSPD1
LYRM4,IER3,HCN3,MYT1,MPP1
MAGT1,IER5,HCN4,NAP1L5,MPP7
MAMDC2,IFI16,HCRTR2,NAV2,MPRIP
MAMDC4,IFI30,HDGFL3,NCALD,MSMP
MAOB,IFI35,HDX,NCAM2,MSRB3
MAP2,IFNB1,MROH7,NCEH1,MSX1
MAP4,IFNGR1,HECW1,NDRG1,MTFR1
MAPK4,IFNGR2,HELLS,NECAB2,MTMR6
MARS2,IGSF6,HEXIM2,NEFL,MTUS1
MASP2,IKZF1,HFM1,NELL2,MUC13
MAST4,IL10,HIRIP3,NEO1,MUSTN1
MAVS,IL10RA,HMG20A,NEU4,MYCT1
MBOAT2,IL12B,JPT1,NEUROG2,MYH10
MCC,IL16,HOMER2,NFASC,MYL12A
MCEE,IL17RA,HOOK1,SAPCD1,MYL4
MDM4,IL1A,HOOK2,NGB,MYL6
MDN1,IL1B,HPCA,NHSL2,MYL9
MED12,IL1R2,HRH3,NINJ2,MYLK
MED12L,IL1RL1,HS3ST5,NKAIN1,MYLPF
MED7,IL1RL2,HS3ST6,NKX2-2,MYO1B
MEGF10,IL1RN,HS6ST3,NKX2-8,MYO1E
METTL11B,IL21R,HSPA12A,NKX6-2,MYOF
MFAP3L,IL27,HTR1A,NLGN3,N4BP3
MFGE8,IL2RB,HTR1B,NMNAT2,NAALAD2
MGA,IL4I1,HTR1D,NMRAL1,NAMPT
MGST1,IL4R,HTR1F,NOB1,NCAPH
MICAL1,IL6R,HTR2C,NOL3,NCK1
MICALL2,IL7R,HTR3A,NPSR1,NDUFA4L2
MID1IP1,ILDR1,HTR7,NPTX2,NET1
MIER3,INPP4B,HYLS1,NRDC,NID1
MKS1,INPP5D,ICA1L,NRG2,NID2
MLC1,IP6K3,IDS,NRTN,NLRC3
KMT2C,IRAK2,IGF1,NTN1,NME2
MMAB,IRAK4,IGF2BP2,NUDT17,NMI
MMD2,IRF1,IGF2R,NUDT18,NOD1
MMP14,IRF4,IGFBPL1,NUDT8,NODAL
MORC3,IRF5,IGSF3,NUF2,NOMO1
MPC1,IRF8,IGSF9,NUP210,NOS2
MPDZ,ACOD1,IL12A,NXPH1,NOS3
MPP5,ISCU,IL1RAPL2,ODF3L2,NOSTRIN
MPP6,ISG15,INA,OLFM2,NOTCH4
MRAS,ITGAE,INCENP,OLIG1,NOTUM
MSI2,ITGAL,ING1,OLIG2,NOX4
MSX2,ITGAM,INHA,OMP,NOXO1
MAP7D3,ITGAX,INPP5F,ONECUT2,NPM1
MTERF1,ITGB2,INPP5J,OPALIN,NPR1
MTERF4,ITGB3,INSL5,OPCML,NPR3
MTHFD1,ITGB5,INSM1,OSBPL6,NR1H3
TESMIN,ITPKC,INSM2,OTUD7B,NRBP1
MTM1,ITPR3,INSRR,PACS2,NRIP1
MTMR11,ITPRIPL1,IPCEF1,PALM2AKAP2,NRP1
MTX3,JAK3,IQCB1,PANK3,NSA2
MMUT,JDP2,IQSEC3,PAPSS1,NSMCE1
MYH11,JUNB,IRS1,PARVB,NT5DC1
MYH14,JUND,IRX2,PBK,NUBPL
MYH15,KCNA7,ISL1,PCBD1,NUDT14
MYH6,KCNAB1,ISLR,PCBP4,NUP37
MYLK2,KCND1,ISLR2,PCDH15,NXN
MYO10,KCNK12,ISOC1,PCDH20,OAS1
MYO19,KCNK6,NMRK2,PCDH7,OCLN
MYO6,KCNN4,ITGBL1,PCDHB2,ODC1
MYOM3,KCTD12,ITPKA,PCDHB11,ODF3B
MYRIP,KDM6B,JAKMIP1,PCDHB4,OFD1
NAA16,KHK,JPH4,PCDHGB6,OGN
NACC2,KIF15,KAT5,PCMTD2,OR2AT4
NADK,KLHDC8B,KAZALD1,PCNX3,OR2V1
NADK2,KLHL36,KCNA4,PCOLCE,OSBPL9
NAPRT,KLHL38,KCNB2,PCSK1N,OSMR
NAT2,KLRB1,KCNC1,PCYT2,OSTC
HYAL1,KLRD1,KCNC2,PDCD4,P2RY14
NAT8,KRT31,KCNG1,PDE4B,PAK1IP1
NCAM1,LACC1,KCNG3,PDGFRA,PALMD
NCAN,LACTB2,KCNH1,PDLIM2,PAPLN
NCKAP5,LAG3,KCNH4,PDZRN4,PAQR5
NDE1,LAIR1,KCNH7,PELI1,PARD6G
NDP,LAMP2,KCNIP2,CPQ,PARP9
NDRG2,LAPTM5,KCNIP4,PHF12,PAWR
NEK8,LASP1,KCNJ11,PHF6,PCDH1
NEXN,LAT,KCNJ3,PHLDA3,PCDH12
NFXL1,LAT2,KCNJ5,PHLDB1,PCDH19
NGEF,LBX1,KCNK9,PHOSPHO1,PDCD10
NHSL1,LBX2,KCNMB2,PID1,PDE2A
NIPAL1,LCN2,KCNQ2,PIGQ,PDE5A
NLRX1,LCP1,KCNQ5,PIGZ,PDE7B
NMB,LCP2,KCNS1,PIK3R3,PDGFD
NME7,LDB1,KCNS2,PINK1,PDIA5
NOTCH1,LDHB,KCNT1,PKD2L1,PDLIM1
NOTCH2,LEFTY1,KCTD16,PKIA,PEAR1
NOTCH3,P3H2,KCTD8,PLAAT3,PECAM1
NPAS2,LFNG,KDM2B,PLCB1,PGLYRP1
NPAS3,LGALS1,KDM4A,PLEKHA1,PGM1
NPFF,LGALS3,KDM4B,PLEKHB1,PGM5
NPHP3,LGALS3BP,KDM5A,PLEKHH1,PHACTR2
NPHS1,LGALS8,KDM5B,PLEKHM1,PHACTR4
NPS,LGALS9B,KHDC4,PLEKHN1,PHF7
NQO1,LGMN,KIAA1109,PLIN3,PHLDB2
NR1D1,LIF,KIF11,PLK1,PIK3R6
NR2E1,LILRA5,KIF17,PLP1,PIP5K1A
NR2F1,LILRB3,KIF21B,PLXNB3,PIP5K1B
NR3C2,LIMD2,KIF22,PNLIP,PIR
NR4A1,LIMK1,KIF4A,PODN,PKN3
NR4A2,LIPA,KIF5C,POLG,PLA1A
NR4A3,LIPH,KIFC2,PLPP4,PLA2G2F
NRARP,LITAF,KIFC1,PPFIA3,PLEKHG5
NRCAM,LPAR5,KISS1R,PPFIBP1,PLEKHH2
NRXN1,LPCAT2,KIT,PPFIBP2,PLK2
NSDHL,LPCAT3,KLC2,PPP1R14A,PLP2
NTRK3,LPXN,KLF12,PPP1R14C,PLS3
NTSR2,LRCH1,KLF8,PPP1R16B,PLTP
NUDT12,LRCH4,KLHDC8A,PPP2R3A,PLVAP
NUDT19,IRAG2,KLHL1,PPP3R2,PLXND1
NUDT2,LRP5,KLHL12,PPP4R4,PNPLA6
NUDT7,LRRC25,KLHL14,DESI1,PNRC2
NUP93,LRRC3,KLHL29,PRC1,POLK
NVL,NRROS,KLHL33,PRELP,POLR2K
NWD1,LRRC39,KLHL34,PRICKLE1,POMC
OAT,LRRFIP1,KMT2A,PRIM1,POMP
ODF2L,LRRK1,KMT2B,PRIM2,POP5
ODF3,LRWD1,KRT73,PRKCB,POU2AF1
TENM3,LSM10,KRT79,PRKCQ,PLPP6
OLFML1,LSM5,KSR1,PRKG1,PPEF1
OLFML2A,LSP1,KSR2,PRKG2,PPIC
OR2H2,LTB,L1CAM,PROKR1,PPM1J
OPLAH,LTB4R,L3MBTL1,PRR11,PPP1R13B
OPTC,LTC4S,L3MBTL4,PRR16,PPP1R2
OSR2,LTF,LAMA3,PRR18,SLC66A2
OTX1,LY6D,LANCL2,PRR5L,PRAMEF8
OVOL1,LY86,CERS6,PRSS41,PRCP
OXA1L,LY9,LEFTY2,PRSS50,PRELID2
OXNAD1,LYL1,LGALS7,PSIP1,PREP
P2RX6,LYN,LGI1,PSRC1,PREX2
P4HA2,LYVE1,LGI2,PSTPIP2,PRICKLE3
P4HA3,LYZ,LHFPL1,PTER,CAVIN3
PABPC4L,MAF,LHFPL4,PTGER2,PRKCH
PACSIN3,MAFB,LHFPL5,PTK7,PRKD2
PALLD,MAN1C1,LHX1,PTOV1,PRND
PAMR1,MAN2B1,LHX5,PTPDC1,PROCR
PAPSS2,MAN2B2,LHX6,PTPRO,PROM1
PAQR4,MANBA,LHX8,PUS7,PROP1
PAQR6,MAP2K3,LHX9,PUS7L,PRRG2
PAQR7,MAP3K14,LIMK2,PVALB,PSMA8
PAQR8,MAPK13,LIN28B,PYCR1,PSMC3IP
PARD3B,MAPK14,LINGO2,QDPR,PSORS1C2
PARP12,MAPKAPK2,LMNA,QPCT,PTGES
PARP3,MAPKAPK3,LMTK3,R3HDM1,PTGFRN
PARVA,MATK,LMX1A,RAB27B,PTGIS
PAX4,MBNL1,LONRF1,RAB33A,PTGS2
PAX6,MCOLN2,LONRF2,RAB37,PTPN12
PBXIP1,MED11,LPCAT4,RAB39B,PTPRB
PCDH10,MEF2C,LPGAT1,RAB4A,PTPRG
PCDHGC5,METRNL,ADGRL1,RABGAP1L,PTPRK
PCSK9,METTL7A,PLPPR3,RACGAP1,PTPRM
PC,MFSD11,LRCH2,RAD51,CAVIN1
PDE1B,MFSD5,PIDD1,RAD54L,RAB11FIP1
PDE3A,MGAT1,LRFN5,RALGPS1,RAB12
PDE9A,MGAT2,LRIG3,RAP1GAP,RAB13
PDGFC,MGMT,CARMIL3,RAP1GAP2,RAB42
PDGFRB,MKNK1,LRRC24,RAP2A,RAB29
PDK4,MKNK2,LRRC26,RAPGEF1,RAD51AP1
PDLIM5,MLEC,LRRC3B,RAPGEF4,RAD51B
PDP2,MLLT6,LRRN4CL,RASGRF1,RAI14
PDPN,MLPH,LSM11,RASL12,RALY
PDSS1,MLXIPL,LSM14B,RCN1,RAMP2
PDYN,MMP12,LUC7L,RECQL,RAP1B
PDZD11,MMP19,LY6G6C,RFC3,RAPGEF5
PDZRN3,MMP9,LY6H,RFTN1,RAPGEF6
PEAK1,MNT,LYPD6B,RGS6,RASD1
PER3,MOB1A,LYRM7,RHBDL2,RASGRP3
PEX2,MOB3C,MAB21L1,RHOU,RASIP1
PFKM,MOGS,MAB21L3,RHPN2,RASSF1
JADE1,MOV10,MAD2L1,RICTOR,RASSF3
PHF21B,MPEG1,MADD,RIMBP3,RASSF9
PHGDH,MPI,MAGEE1,RIPPLY2,RBMS2
PHKA1,MPO,MAGEL2,RLBP1,RBP1
PHKB,MRC1,MAL2,RND2,RBP7
PHKG1,MRGPRX3,MAML3,RNF122,RBPMS
PHYHIPL,MS4A6A,MAP3K12,RNF128,RD3
PIGM,MS4A7,MAP3K15,OBI1,RDM1
PIKFYVE,MSH5,MAP3K4,RNF220,REC8
PIPOX,MSN,MAP3K9,RNF43,REM1
PKD2,MSR1,MAP4K3,RNF7,RET
PKDREJ,MAP1S,MAPK8,ROCK1,RGL1
PKP2,MTHFR,MAPK8IP2,RPRM,RGS12
PLA2G3,MTHFS,MAPK9,RRAS2,RGS3
PLA2G5,MTR,MAPT,RRM1,RGS5
PLA2G7,MVP,MARCHF11,RRM2,RHOBTB1
PLAGL1,MXRA8,MARCHF4,RSAD2,RHOC
PLCB3,MYADML2,MARCHF9,RTKN,RHOD
PLCD4,MYBPC3,MARK1,RUNX2,RHOJ
PLCH1,MYBPH,MAST1,RXRG,RIPK1
PLD2,MYC,MBLAC2,RYR3,RIPPLY3
PLEC,MYD88,MCHR1,S100A1,RMND5B
PLOD2,MYH9,MCTP1,S100A13,RNASEH2C
PLS1,MYL2,MCTP2,S100A14,RNF144B
PLSCR1,MYLIP,MDGA1,S100A16,RNF183
PLXNB1,MYO18B,MECP2,S100A3,RNF19A
PLXNC1,MYO1C,MED10,S100A4,ROBO4
PM20D1,MYO1F,MED14,S1PR5,ROCK2
PMM1,MYO1G,MEI4,SAMD4B,PTBP3
POLR3G,MYO7A,MESP1,SAPCD2,RPAP3
POMT1,MYOM1,MESP2,SCD,RPF1
PON2,N4BP2L1,MET,SCEL,RPH3AL
POU2F1,NAAA,MEX3A,SCFD2,RPL17
POU3F2,NAB2,MEX3D,SCN1A,RPL23
POU3F4,NAGA,MGAT4C,SCRG1,RPL27
PLPP3,NAGK,MGAT5,SDC3,RPL31
PPARA,NAGLU,MGST3,SDR42E1,RPL35
PPFIA1,NAGPA,MIA,SECISBP2L,RPL37
PPIL6,NAIP,MICAL2,SEMA3E,RPL38
PPP1R12A,NAPSA,MICU3,SEMA4D,RPL39
PPP1R1A,NAT1,MINPP1,SEMA4F,RPL4
PPP1R3C,NAT9,MKI67,SEMA5A,RPS16
PPP1R3D,NBEAL2,MKRN3,SEMA6A,RPS18
PPP1R3G,NCF1,MLF1,SEPTIN4,RPS24
PPP2R2B,NCF2,MLLT11,SEPTIN8,RPS27L
PPP2R5A,NCF4,MME,SERINC2,RPS6KA3
PPWD1,NCKAP1L,MMP11,SERPINA3,RPS7
PRDM16,NCKAP5L,MMP24,SERPINB1,RPSA
PRDX6,NCOA3,MN1,SERPIND1,RRAS
PREX1,NDST2,MND1,SERPINE2,RTP4
PRKD1,NECAP2,MOAP1,SGCD,RXFP4
PRKDC,NEK6,MORC2,SGCZ,SAMD9L
PROCA1,NEK7,MPPED1,SGK2,SAV1
PRODH,NEU1,MPPED2,SH3BP4,SCARB1
PRPF38B,NEURL1,MRAP2,SH3D19,SCARF1
PRPF39,NEURL3,MRGBP,SH3GL3,SCGB3A1
PRPF4B,NFAM1,MSL1,SH3RF1,SDCBP
PRRC2C,NFATC1,MST1R,SHC4,SDCBP2
PRRX2,NFATC2,MSTN,SHISA7,CAVIN2
PRSS35,NFE2,MAP1B,SHROOM2,SEC61B
PRSS45P,NFKB1,MAP6,SHROOM3,SEC61G
PSD2,NFKB2,MAP7D2,SIKE1,SECTM1
PSPH,NFKBIB,MAP9,SIRT2,SELE
PTAR1,NFKBID,MTFP1,SI,SELP
PTCH1,NFKBIE,MTSS1,SIX4,SEMA3G
PTCH2,NFKBIZ,MTUS2,SLAIN1,SEMA4C
PTDSS2,NFYA,MUC6,SLC12A2,SEMA7A
PTN,NHLRC3,PWWP3A,SLC13A4,SELENOP
PTP4A1,NHP2,MYH8,SLC16A8,SEPTIN1
HACD3,HCAR2,MYL6B,SLC1A1,SEPTIN10
HACD2,NINJ1,MYO5B,SLC22A23,SERPINA1
PTPMT1,NKG7,MYO9A,SLC22A3,SERPINB6
PTPN13,NLRC4,MYT1L,SLC22A6,SERPINB9
PTPRA,NLRP1,PHF24,SLC24A4,SERPINH1
PTPRF,NLRP3,NANOS1,SLC25A13,SERTAD1
PTPRZ1,NME4,NANOS2,SLC27A6,SESTD1
PTX3,NMT1,NAP1L2,SLC35F1,SGMS1
PXMP2,NOD2,NAP1L3,SLC41A2,SGMS2
PXMP4,NOP2,NAPB,SLC44A1,SGPP2
PYGB,NPC2,NASP,SLC45A3,SH3BGRL
PYROXD1,NPL,NBEA,SLC48A1,SH3BP5
RAB30,NRAP,NCAPG,SLC4A1,SH3TC2
RAB34,NRBF2,NCK2,SLC4A8,SHE
RANBP3L,NT5E,NCOA2,SLC5A11,SEM1
RAPGEF3,NTPCR,NCS1,SLC6A13,SHROOM1
RARRES1,NUAK1,NDN,SLC6A19,SHROOM4
RASA2,NUAK2,NDRG4,SLCO3A1,SIGIRR
RASGRP1,NUMB,NDST3,SLITRK1,SLAIN2
RASL11A,NUP62,NDST4,SLITRK3,SLC16A1
RASL11B,NUPR1,NDUFA1,SLITRK4,SLC16A11
RAVER2,OAF,NDUFAF6,SLPI,SLC16A13
RB1,OARD1,NEB,SMARCB1,SLC16A2
RBM20,OAS2,NECAB1,SMOC1,SLC16A4
RBM26,OASL,NEDD4L,SMTNL2,SLC16A9
RBM46,OLFM4,NEFH,SMYD2,SLC19A3
RBPMS2,OLFML3,NEGR1,SNTG1,SLC22A18
RCN2,OR5V1,NELL1,SNX11,SLC22A8
RDH5,OPHN1,NEUROD1,SNX15,SLC23A3
RETSAT,ORAI1,NEUROD2,SNX22,SLC25A20
RFTN2,ORAI3,NEUROD6,SNX25,SLC25A24
RFX4,OSBPL11,NFIB,SNX30,SLC2A1
RGMA,OSGEP,NFIX,SNX32,SLC30A1
RGS20,OSGIN1,NGFR,SORCS3,SLC31A1
RGS22,OSM,SLC9B2,SOX10,SLC31A2
RGS7,OTUD1,NHLH1,SOX3,SLC35B3
RHBDF1,P2RX1,NHLH2,SOX6,SLC35D2
RHCG,P2RX4,NIPSNAP1,SOX8,SLC35F2
RHOQ,P2RX7,NKX2-1,SP7,SLC38A11
RIIAD1,P2RY12,NMBR,SPA17,SLC38A2
RMND1,P2RY13,NNAT,SPC24,SLC38A5
RNF215,P2RY2,NNMT,SPON1,SLC39A10
RNF24,P2RY6,NOA1,SPSB1,SLC39A8
ROMO1,PACSIN2,NOL4,SPSB4,SLC3A2
ROR2,PAOX,NOS1,SRD5A1,SLC40A1
RORB,PARP14,NOSIP,SRPK3,SLC43A3
RSAD1,PARVG,CCN3,SRPX2,SLC5A5
RSPH1,PCTP,NOVA2,SSH3,SLC5A6
RSPH9,PDCD1,NPAS4,SSTR1,SLC6A20
RTN3,PDE3B,NPFFR1,SSTR3,SLC6A6
RUFY4,PDGFB,NPNT,ST18,SLC7A1
S1PR1,PDLIM4,NPPC,ST8SIA1,SLC7A5
SALL3,PDXK,NPTX1,STAM,SLC9A2
SAR1B,PECR,NPTXR,STEAP1,SLC9A3R2
SARDH,PEPD,NPY,STK32A,SLCO1A2
SASH1,PES1,NPY1R,STK33,SLCO1B3
MSMO1,PF4,NPY2R,STK39,SLCO1C1
SCARA3,PFKFB3,NR1H4,STMN4,SLCO2A1
SCG3,PFN1,NR2F2,STRN,SLFN12L
SCP2,PGGT1B,NRDE2,STXBP6,SLFN5
SCTR,PGPEP1,NRG3,SULF1,SLK
SEC14L2,JADE2,NRIP3,SULF2,SMAD6
SEMA3B,PHF23,NRN1,SYCE2,SMOC2
SEMA6D,PHKA2,NRSN2,SYCP3,SMTN
SENP1,PHLDB3,NSD1,SYDE2,SNAI2
SEPTIN11,PHYHD1,NSF,SYNJ2,SNRK
SERHL2,PIGV,NSG1,SYNPO,SNRPB2
SFRP1,PIK3AP1,NSG2,SYTL5,SNTB2
SFRP5,PIK3C2A,NSRP1,SZT2,SNX7
PNISR,PIK3CD,NT5C1A,TACC2,SOD3
SFXN1,PIK3CG,NT5DC2,TAF9B,SOX13
SFXN2,PIK3R5,NT5DC3,TBC1D14,SOX17
SFXN5,PILRA,NTN5,TBC1D19,SOX18
SH3BGRL2,PILRB,NTNG2,TBC1D22B,SOX7
SH3PXD2B,PIM1,NTRK1,TBC1D23,SPATA4
SIGMAR1,PIP4K2A,NTS,TBC1D5,SPATA6
SIX5,PKN1,NTSR1,TBC1D8,SPTBN1
SLC10A1,PLA2G15,NUMBL,TBC1D9B,SPOCK2
SLC12A4,PLA2G2D,NUP35,TBX18,SPON2
SLC13A1,PLA2G4A,NXNL2,TCEAL6,SRMS
SLC13A3,PLA2G4D,NXPH2,TCEAL5,SRPRA
SLC13A5,PLAC8,NXPH3,TCF7L2,SSU72
SLC14A1,PLAGL2,NXPH4,TCFL5,ST3GAL1
SLC14A2,PLAU,NYX,TDRD7,ST3GAL6
SLC15A2,PLBD1,OCIAD2,TF,ST8SIA4
SLC1A2,PLCB2,TENM1,TFEB,ST8SIA6
SLC1A3,PLCG2,TENM4,TM7SF3,STAP2
SLC1A4,PLCL2,OGT,TMCC1,STARD13
SLC20A1,PLD3,OLFM1,TMCC3,STC1
SLC20A2,PLD4,OLFM3,TMEM100,STEAP4
SLC22A12,PLEK,OPN3,TMEM108,STK3
SLC22A4,PLEKHM2,OPRD1,TMEM121,STOM
SLC25A18,PLEKHO1,OPRK1,TMEM132B,STOX1
SLC25A21,PLEKHO2,OPRM1,TMEM132C,STRA6
SLC25A34,PLIN2,OSBPL5,TMEM132D,SUGT1
SLC25A42,PLOD1,OSCAR,TMEM132E,SYAP1
SLC26A5,PLOD3,OXTR,TMEM151A,SYNJ2BP
SLC26A6,PLSCR3,P2RX5,TMEM163,SYT15
SLC27A1,PLXDC1,PACSIN1,TMEM179,SYTL4
SLC2A10,PLXDC2,PAK3,TMEM196,TACR3
SLC2A4,PLXNB2,PAK6,CEMIP2,TAF7
SLC30A10,PMEPA1,PAK5,TMEM200B,TAGLN2
SLC38A3,PMM2,PALM2AKAP2,TMEM26,TAX1BP3
SLC39A12,PMP22,PALM3,TMEM40,TBC1D1
SLC39A14,PNP,PANX2,TMEM9,TBC1D2
SLC41A1,PNPLA7,PAPPA2,TMF1,TBRG1
SLC44A3,PNPO,PAQR9,TMOD1,TBX1
SLC4A4,PON3,PARP6,TMPRSS5,TBX2
SLC6A1,POR,PATZ1,TNFRSF13C,TBX3
SLC6A11,POU2F2,PAXBP1,TNPO1,TBX4
SLC6A9,PPCDC,PBRM1,TNR,TBXA2R
SLC7A10,PPP1R15A,PBX1,TNS3,TCEA1
SLC7A11,PPP1R3B,PBX3,TPD52L2,TCEA3
SLC7A2,PPP6R1,PCBP3,TPPP,TCF15
SLC9A3R1,PPRC1,PCDH17,TPPP3,TCF23
SLITRK2,PPT1,PCDHA1,TPX2,TCP11L2
SMC4,PPT2,PCDHA13,TRAF4,TEAD2
SMC5,SLC66A1,PCDHA2,TRAK2,TEAD4
SMDT1,PRG2,PCDHA3,TRIM27,TECRL
SMG1,PRKCD,PCDHA4,TP53INP2,TEK
SMIM8,PRPS1L1,PCDHA5,TSGA13,TNS2
SMO,PRPS2,PCDHA6,TSHZ3,TEPP
SMPD2,PSAP,PCDHA7,TSPAN2,TES
SMYD1,PSD4,PCDHAC2,TSPO2,TFPI
SNCAIP,PSMB10,PCDHGC4,TUB,TFPI2
SNED1,PSMB8,PCGF2,TUBB4A,TFRC
SNTB1,PSMB9,PCP4,TYW5,TGFB1I1
SOAT1,PTAFR,PCSK1,UBAP1,TGFBR3
SON,PTBP3,PCSK5,UBE2J2,THBD
SORBS1,PTGDS,PDCD1LG2,UBL3,THSD1
SORCS2,PTGER1,PDE1A,UBR3,TIAM1
SORL1,PTGER4,PDE4A,UCN,TIE1
SOX2,PTGR1,PDE4DIP,UGDH,TIMP1
SOX21,PTGS1,PDP1,UGT8,TINAGL1
SOX9,PTK2B,PDXP,UHRF1,TJP1
SP5,PTPN1,PDZD2,UNC80,TM4SF1
SP6,PTPN18,PDZD4,URI1,TANGO6
SPAG1,PTPN6,PDZD7,URM1,TMEM123
SPAG8,PTPN7,PEG10,USP16,TMEM154
SPAG9,PTPRC,PEG3,USP24,TMEM204
SPARCL1,PTPRCAP,PELI3,USP32,TMEM45A
SPATA17,PTPRJ,PENK,USP54,TMEM71
SPATA18,PTS,PFDN1,UST,TMEM88
SPATA22,PUS1,PFDN6,UTP14C,TMEM98
SPATA3,PUS10,PGBD5,VAMP1,TMIGD1
SPIRE1,PWWP2B,PGF,VAT1L,TMOD3
SPRY2,PXN,PGM2L1,VCAN,TMOD4
SPTAN1,PYCARD,PGR,VIPR2,TMTC2
SQLE,PYGL,PGRMC1,VLDLR,TNFAIP1
SREBF1,PYROXD2,PHC1,VMP1,TNFAIP8L1
SREK1,QPRT,PHC2,VPS13B,TNFRSF10A
SRSF10,QSOX1,PHC3,VSTM2B,TNFRSF11B
SRSF11,RAB11FIP5,PHF14,WASF1,TNFRSF18
ITPRID2,RAB17,PHF20L1,WDHD1,TNFRSF25
ST6GALNAC5,RAB20,PHF8,WFIKKN1,TNFRSF8
STK17B,RAB27A,PHIP,CCN6,TNFSF10
STK36,RAB32,PIAS2,WNT10A,TNKS1BP1
STK38L,RAB35,PIAS4,WNT4,TNS1
STON2,RAB39A,PIK3C2G,WNT6,TPD52L1
STT3B,RAB3IL1,PIP4K2B,XKR5,TPK1
SUCLG2,RAB43,PIP5KL1,XPO6,TRIB3
SUOX,RAB8B,PITPNM2,XRCC3,TRIM5
SYBU,RABEP2,PITPNM3,XYLT1,TRIM16
SYCP2,RAC2,PIWIL2,YTHDC2,TRIM25
SYNE1,RAD9A,PKIB,RTL4,TRIM6-TRIM34
SYNM,RAP2C,PLA2G4E,ZCCHC17,TRIM56
SYNPO2,RAPSN,PLA2G4F,ZCCHC24,TRIM69
SYPL2,RASA4,PLCD3,ZDHHC14,TRIOBP
SYT11,RASAL3,PLCH2,ZDHHC15,TRIP10
TACO1,RASD2,PLCXD2,ZDHHC2,TRPM6
TAF1,RASSF4,PLCXD3,ZDHHC23,TSC22D1
TAGLN,RASSF5,PLCZ1,ZFHX4,TSHZ2
TANK,RBM34,PLEK2,ZNF365,TSPAN13
TBCE,RBM38,PLEKHA5,ZFP41,TSPAN18
TFAP2C,RBM47,PLEKHA7,ZNF462,TSPAN5
TCTN3,RCAN1,PLG,ZNF579,TTC32
TEAD1,RCSD1,PLIN5,ZNF648,TTC7B
TECTB,REL,PLXNA2,ZNF791,TTR
TEKT1,RELA,PNCK,ZNF276,TXN
TEKT4,RELB,PNMA1,ZNF281,TYMS
TEKT5,RENBP,PNMA2,ZZEF1,UACA
TET2,RGS1,PNOC,SEPTIN5,UBE2D3
TEX9,RGS10,POGZ,,UBE2L6
TGFB2,RGS14,POLA1,,UBXN10
THBS1,RGS19,POLA2,,UBXN2A
THBS4,RGS2,POLR2D,,UNC45B
THEM4,RHBDF2,POMGNT2,,USHBP1
THOC1,RHOB,POPDC3,,USP18
THOC2,RHOG,POU4F1,,USP3
TIMM21,RHOH,PPARGC1B,,USP43
TIMP3,RILPL1,PPFIA2,,USP53
TJP2,RILPL2,PPIF,,USP6NL
TLCD1,RIN3,PPM1D,,UTP14A
TM7SF2,RINL,PPM1E,,UTRN
TMC7,RIPK3,PPP1R1B,,VAMP5
TMED1,RNASE10,PPP1R3F,,VANGL1
TLCD5,RNASE12,PPP3CB,,VEGFC
TMEM161B,RNASE4,PQBP1,,VIL1
TMEM176B,RNASE6,SLC66A3,,VIM
TMEM200C,RNASEL,PRDM8,,VSIG2
TMEM218,RNASET2,PREPL,,VTN
TMEM229A,RNF114,PRKACB,,VWA1
TMEM259,RNF166,PRKAR1B,,VWA3A
TMEM82,RNF19B,PRKAR2B,,VWF
TMEM86B,RNF213,PRKCE,,TCEAL9
TMPRSS7,RNH1,PRKCG,,WDR86
TNC,RNPEP,PRKRIP1,,WEE1
TNFAIP8,ROGDI,PRLHR,,WFDC1
TNFRSF19,RP2,PRMT8,,WNT5B
TNNI3,RPL10,PROKR2,,WWC2
TNNT3,RPL19,PROX1,,WWTR1
TOB1,RPL3,PRPH,,XAF1
TOM1L1,RPL30,PRPS1,,XIAP
TOM1L2,RPS6KA1,PRR12,,YES1
TPBG,RPS6KA4,PRRC2B,,ZAP70
TPMT,RPTOR,PRRT2,,TUT7
TRAF3,RRAD,PRTN3,,ZDHHC20
TRAK1,RRAGA,PRUNE2,,ZFAND2A
TRH,RRAGC,PSD,,ZNF277
TRIB2,RTN4RL1,PSME4,,ZNF366
TRIL,RUFY1,PTCHD1,,ZFP69
TRIM9,SNX29,PTH2R,,ZIC3
TRIP11,RUNX1,PTPRN2,,
TRMT12,RUNX3,QSER1,,
TRPM3,RXRA,RAB11FIP2,,
TRPM7,RXRB,RAB11FIP4,,
TRPS1,S100A8,RAB26,,
TSC22D4,S100A9,RAB3A,,
TSGA10,S1PR4,RAB3B,,
TSKU,SAG,RAB3C,,
TSPAN7,SALL1,RAB3D,,
TST,SAMHD1,RAB6B,,
TTC12,SAP30,RAB9B,,
TTC14,SASH3,RABIF,,
TTC21A,SAT1,RAC3,,
TTC21B,SBNO2,RADIL,,
TTC37,SCAMP2,RAI1,,
TTC9,SCLY,RAI2,,
TTLL4,SCPEP1,RALGPS2,,
TTLL8,SDC4,RALYL,,
TTPA,SELPLG,RAMP3,,
TTYH1,SERINC3,RAPGEFL1,,
TTYH3,SERPINB6,RARB,,
TULP3,SERPINB8,RASGEF1A,,
TXNRD3,SERPINE1,RASGEF1C,,
UBE2F,SERPINF1,RASGRF2,,
UCP3,SERPINF2,RASGRP2,,
UGT1A6,SFT2D1,RASSF6,,
UPF3B,SFT2D2,RASSF7,,
UPP1,SGK1,RBFOX1,,
UQCRHL,SGPL1,RBFOX2,,
VAV3,SGSH,RBM15B,,
VCAM1,SH2B2,RBM4,,
VCL,SH2B3,RBM4B,,
VEGFA,SH3BP1,RBMS3,,
VEPH1,SH3BP2,RCAN2,,
VEZT,SH3KBP1,RCAN3,,
VGLL2,SH3PXD2A,RCOR2,,
VHL,SH3TC1,RELL2,,
VIT,SHB,RELN,,
VNN1,SHC1,REM2,,
VPS13C,SHKBP1,RETN,,
VPS13D,SHMT1,RFX1,,
VWA8,SIAE,RFX3,,
WASF3,SIGLEC1,RTL9,,
CFAP52,SIGLEC8,RGMB,,
WDR19,SIGLEC9,RGS11,,
WDR35,SIGLEC10,RGS17,,
CFAP44,SIPA1,RGS4,,
WDR5B,SIRPA,RGS7BP,,
DYNC2I1,SKAP2,RGS8,,
DNAI3,SKI,RHBDL1,,
DNAI4,SLA,RHOF,,
CFAP43,SLAMF1,RHOV,,
WIPI1,SLAMF6,RIMBP2,,
WNT7A,SLAMF8,RIMS3,,
WSB1,SLAMF9,RIMS4,,
WWC1,SLC10A3,RIPK4,,
XKRX,SLC10A6,RIT2,,
YAP1,SLC11A1,CARMIL2,,
ZBTB20,SLC11A2,RNASEH2B,,
ZBTB25,SLC12A7,RND3,,
ZBTB37,SLC15A3,RNF152,,
ZBTB41,SLC15A4,RNF165,,
ZDHHC21,SLC16A10,RNF214,,
ZFC3H1,SLC16A3,RNF39,,
ZNF546,SLC16A6,RNFT2,,
ZNF112,SLC17A9,RNPC3,,
ZNF142,SLC25A10,ROBO2,,
ZNF665,SLC25A45,RPP25,,
ZNF280C,SLC29A1,RPS19BP1,,
ZFP36L2,SLC29A3,RSPH4A,,
ZNF449,SLC2A5,RSPO1,,
ZNF507,SLC2A8,RSPO2,,
ZNF780A,SLC2A9,RSPO3,,
ZNF2,SLC30A3,RTBDN,,
ZNF799,SLC35A3,RTL1,,
ZNF839,SLC35C2,RTN1,,
ZNF879,SLC36A1,RTN4R,,
ZFYVE16,SLC36A2,RTN4RL2,,
ZHX2,SLC37A2,RUFY3,,
ZHX3,SLC38A10,RUNDC3B,,
ZMYND10,SLC38A7,RUNX1T1,,
ZNRF3,SLC39A1,RUSC1,,
ZRANB3,SLC39A4,RXFP1,,
ZSCAN12,SLC43A1,RYR2,,
ZSCAN20,SLC43A2,SAMD10,,
MARCHF2,SLC44A2,SAMD14,,
SEPTIN9,SLC46A1,SAMD3,,
KIAA0100,SLC5A10,SAP130,,
,SLC7A7,SARM1,,
,SLC7A8,SATB2,,
,SLC9A9,SBK1,,
,SLCO2B1,SBSN,,
,SLCO4A1,SCAI,,
,SLFN13,SCG2,,
,SLMAP,SCMH1,,
,SMAD3,SCML4,,
,SMAP2,SCN2B,,
,SMARCD2,SCN3B,,
,SMCR8,SCN4B,,
,SMPDL3B,SCN5A,,
,SNN,SCN9A,,
,SNTA1,SCRT1,,
,SNX17,SCRT2,,
,SNX2,SCUBE3,,
,SNX20,SCX,,
,SNX5,SDK2,,
,SNX8,SDR39U1,,
,SNX9,SDSL,,
,SOAT2,SEMA3A,,
,SOCS3,SEMA4G,,
,SORD,SEMA6C,,
,SOX15,SENP3,,
,SP110,SENP7,,
,SP140,SEPTIN3,,
,SPATA13,SEPTIN6,,
,SPCS3,SERP2,,
,SPG11,SERPINC1,,
,SPG21,SERPINI1,,
,SPHK1,SERTAD4,,
,SPHK2,SETD2,,
,SPI1,SEZ6,,
,SPIB,SEZ6L2,,
,SPIC,SFSWAP,,
,SPN,SFXN3,,
,SPNS3,SGIP1,,
,SPP1,SGSM1,,
,SQOR,SGTB,,
,SRD5A3,SH2D7,,
,SRGAP2,SH3GL2,,
,SRRD,SH3RF3,,
,SRSF6,SH3YL1,,
,SRSF9,SHANK1,,
,SRXN1,SHANK2,,
,ST14,SHISA6,,
,ST3GAL2,SIDT1,,
,ST6GALNAC4,SIN3B,,
,STAB1,SIPA1L1,,
,STAMBPL1,SIPA1L3,,
,STARD3,SIRT6,,
,STAT1,SIX3,,
,STAT2,SLC10A4,,
,STAT5B,SLC12A5,,
,STAT6,SLC17A6,,
,STK10,SLC17A8,,
,STK11IP,SLC18A2,,
,STK40,SLC18A3,,
,STX11,SLC22A15,,
,STXBP2,SLC24A2,,
,STXBP5,SLC24A3,,
,SUMO3,SLC25A22,,
,SUN2,SLC25A27,,
,SUSD3,SLC27A2,,
,SYK,SLC27A3,,
,SYNGR1,SLC2A13,,
,SYNGR2,SLC2A3,,
,TAGAP,SLC32A1,,
,TAOK3,SLC35D3,,
,TAP1,SLC35E1,,
,TAP2,SLC35F4,,
,TAPBP,SLC37A1,,
,TAPBPL,SLC38A1,,
,TATDN2,SLC38A4,,
,TBC1D10A,SLC5A7,,
,TBC1D10C,SLC6A15,,
,TBC1D13,SLC6A17,,
,TBC1D22A,SLC6A7,,
,TBC1D2B,SLC7A14,,
,TBXAS1,SLC7A4,,
,TCAP,SLC9A6,,
,TFEC,SLCO5A1,,
,TCIRG1,SLFN13,,
,TCN2,SLIT1,,
,TEP1,SLIT3,,
,TFE3,SMARCA5,,
,TGFB1,SMARCAL1,,
,TGFBI,SMARCD3,,
,TGFBR1,SMG7,,
,TGFBRAP1,SMG8,,
,TGIF1,SMPD3,,
,TGIF2,SMPD4,,
,TGM1,SMS,,
,TGM2,SNAP25,,
,THEMIS2,SNAP91,,
,TICAM1,SNCA,,
,TICAM2,SNCB,,
,TIFA,SNRPN,,
,TIFAB,SNTG2,,
,TIMD4,SNX10,,
,TK1,SNX16,,
,TK2,SNX21,,
,TLCD2,SOBP,,
,TLE3,SOX11,,
,TLN1,SOX4,,
,TLR1,SP8,,
,TLR2,SP9,,
,TLR3,SPATA2L,,
,TLR5,SPC25,,
,TLR6,SPDEF,,
,TLR7,SPEN,,
,TLR8,SPHKAP,,
,TLR9,SPIN1,,
,TMCO4,SPINT2,,
,TMEM104,SPTBN4,,
,TMEM106A,SPOCK1,,
,TMEM119,SPRYD3,,
,TMEM120A,SRGAP3,,
,STING1,SRRM4,,
,TMEM179B,SS18L1,,
,TMEM185B,SSBP2,,
,TMEM202,SSBP3,,
,PACC1,SSH2,,
,TMEM219,ZNRD2,,
,TMEM221,SST,,
,TMEM52,SSTR2,,
,TMEM63A,SSTR4,,
,TMEM86A,ST7,,
,MYMK,ST8SIA2,,
,TNF,ST8SIA3,,
,TNFAIP2,ST8SIA5,,
,TNFAIP3,STAC,,
,TNFAIP8L2,STAU2,,
,TNFRSF11A,STK32B,,
,TNFRSF13B,STK32C,,
,TNFRSF14,STMN1,,
,TNFRSF17,STMN2,,
,TNFRSF1A,STMN3,,
,TNFRSF1B,STRBP,,
,TNFSF13,STX19,,
,TNFSF14,STX1A,,
,TNFSF18,STX1B,,
,TNIP2,STXBP1,,
,TNNI2,SUDS3,,
,TNS4,SUGP1,,
,TOP3A,SUGP2,,
,TOR3A,SULT4A1,,
,TOR4A,SUSD2,,
,TPD52,SUV39H2,,
,TPM3,SUZ12,,
,TPP1,SV2B,,
,TPST2,SV2C,,
,TRADD,SVOP,,
,TRAF2,SYN1,,
,TRAF3IP3,SYN2,,
,TRAF5,SYN3,,
,TREM1,SYNE2,,
,TREM2,SYNGAP1,,
,TREML1,SYNGR3,,
,TREML2,SYNPR,,
,TREX1,SYP,,
,TRIB1,SYT1,,
,TRIM14,SYT10,,
,TRIM21,SYT13,,
,TRIM47,SYT17,,
,TRIM65,SYT2,,
,TRMT2A,SYT3,,
,TRPM2,SYT4,,
,TRPM4,SYT5,,
,TRPV2,SYT6,,
,TRPV4,SYT7,,
,TSLP,SYTL1,,
,TSPAN14,TAC3,,
,TSPAN32,TACC3,,
,TSPAN33,TACR1,,
,TSPAN8,TANC2,,
,TTC39B,TAS1R1,,
,TTC7A,TASP1,,
,TUBA4A,TBC1D7,,
,TUBB1,TBR1,,
,TUBB6,TBX6,,
,TWF2,TCEAL7,,
,TXNIP,TCERG1L,,
,TXNRD1,TCF20,,
,TYROBP,TCF4,,
,UAP1L1,TFAP2D,,
,UBA7,TCP11,,
,UBASH3B,TDRD3,,
,UBC,TDRD6,,
,UBE2G2,TECTA,,
,UCP2,TEKT2,,
,UGT1A10,TERF2,,
,UHRF1BP1,TERF2IP,,
,UMPS,TET3,,
,UNC13D,TEX15,,
,UNC93B1,TEX30,,
,USP25,TH,,
,USP35,THBS2,,
,VAMP8,THSD7A,,
,VASP,THSD7B,,
,VAV1,THY1,,
,VAV2,TIAM2,,
,VIPR1,TIMELESS,,
,VPREB3,TLK2,,
,VPS18,TM4SF5,,
,VPS26A,TMEM130,,
,VPS37B,TMEM132A,,
,VRK2,TMEM145,,
,VWA5A,TMEM150C,,
,WAS,TMEM158,,
,WASF2,TMEM169,,
,WDFY2,TMEM178A,,
,WDFY4,TMEM198,,
,WDR55,TMEM200A,,
,WDR81,TMEM210,,
,WNT11,TMEM35A,,
,WWP2,TMEM59L,,
,PALD1,TMEM63C,,
,XCR1,SYNDIG1L,,
,XDH,TMEM91,,
,XIRP1,TMPPE,,
,YKT6,TMPRSS2,,
,ZBTB32,TNFAIP8L3,,
,ZBTB8OS,TNRC6C,,
,ZC3H10,TOP2A,,
,ZC3H12A,TRANK1,,
,ZC3H6,TRAPPC6B,,
,ZC3HAV1,TFR2,,
,ZFHX3,TRHDE,,
,ZNF296,TRIM17,,
,ZFP36,TRIM33,,
,ZNF385A,TRIM46,,
,ZNF513,TRIM66,,
,ZNF691,TRIM67,,
,ZNF697,TRNP1,,
,ZNF703,TRO,,
,ZNF710,TP53I11,,
,ZFPM1,TP73,,
,ZFYVE26,TRPC3,,
,ZMYND15,TRPC4,,
,ZNFX1,TRPC5,,
,ZSWIM4,TRPC6,,
,ZYX,TRPC7,,
,,TRPV1,,
,,TRPV6,,
,,TRRAP,,
,,TSC22D2,,
,,TSPAN11,,
,,TSPYL4,,
,,TTBK2,,
,,TTC22,,
,,TTC26,,
,,TTC34,,
,,TTC39A,,
,,TTC9B,,
,,TTL,,
,,TUBA8,,
,,TUBB2A,,
,,TUBB2B,,
,,TUBB3,,
,,TUBG2,,
,,TUFT1,,
,,TULP1,,
,,TUSC3,,
,,TWSG1,,
,,UBE2C,,
,,UBE2O,,
,,UBE2QL1,,
,,UBE2V2,,
,,UBFD1,,
,,UBQLN1,,
,,UBQLN2,,
,,UCHL1,,
,,UFSP1,,
,,UGGT2,,
,,ULK1,,
,,UNC119,,
,,UNC13A,,
,,UNC5A,,
,,UNC5D,,
,,UPF2,,
,,UPK3A,,
,,UPP2,,
,,URB1,,
,,USP11,,
,,USP22,,
,,USP28,,
,,USP29,,
,,USP48,,
,,USP9X,,
,,UTP23,,
,,UTP3,,
,,VAMP2,,
,,VASH2,,
,,VAX1,,
,,VEZF1,,
,,VGF,,
,,VIP,,
,,VKORC1L1,,
,,VOPP1,,
,,DCAF1,,
,,VSNL1,,
,,VSTM2A,,
,,VSTM2L,,
,,VWA5B2,,
,,VWC2,,
,,VWC2L,,
,,VWCE,,
,,WDR47,,
,,WDR6,,
,,WDR74,,
,,DPH7,,
,,WHRN,,
,,NSD3,,
,,WIF1,,
,,WIPF3,,
,,WIZ,,
,,WNT2,,
,,WSCD2,,
,,XKR4,,
,,XKR7,,
,,XXYLT1,,
,,YBX2,,
,,YDJC,,
,,YPEL1,,
,,YPEL4,,
,,YRDC,,
,,YWHAG,,
,,ZBTB12,,
,,ZBTB16,,
,,ZBTB18,,
,,ZBTB8B,,
,,ZC2HC1A,,
,,ZCCHC12,,
,,ZCCHC18,,
,,ZDBF2,,
,,ZDHHC22,,
,,ZNF292,,
,,ZNF362,,
,,ZFP37,,
,,ZNF385B,,
,,ZFP57,,
,,ZNF575,,
,,ZFP62,,
,,ZNF644,,
,,ZNF667,,
,,ZNF711,,
,,ZNF804A,,
,,ZNF804B,,
,,ZNF821,,
,,ZFP92,,
,,ZFPM2,,
,,ZFR2,,
,,ZIC1,,
,,ZIC2,,
,,ZIC4,,
,,ZNF483,,
,,ZMAT4,,
,,ZMYM2,,
,,ZMYM3,,
,,ZNF143,,
,,ZNF148,,
,,RNF114,,
,,ZNF280C,,
,,ZNF280D,,
,,ZNF423,,
,,ZNF521,,
,,ZNF536,,
,,ZNF609,,
,,ZNF668,,
,,ZNF704,,
,,ZPBP,,
,,ZSCAN21,,
,,ZWINT,,
,,SHTN1,,
